Sequence,Domains
MNMQL,['RNA binding domain']
M,['RNA binding domain']
MNMQINGVT,['RNA binding domain;DNA binding domain']
MPLDTTLTG,['RNA binding domain;DNA binding domain']
MNMQLNGLA,['RNA binding domain;DNA binding domain']
ME,['RNA binding domain']
MYV,['RNA binding domain']
MPSSTTQTG,['RNA binding domain;DNA binding domain']
MNIQINGRT,['RNA binding domain;DNA binding domain']
MPSDTTETG,['RNA binding domain;DNA binding domain']
MNMQISGLT,['RNA binding domain;DNA binding domain']
MTSGKTPS,['Apoptosis regulator;RNA binding domain;DNA binding domain']
MNMPLDGLA,['RNA binding domain;DNA binding domain']
MNMPLAGLA,['RNA binding domain;DNA binding domain']
MKG,['RNA binding domain']
MKV,['RNA binding domain']
MTTDKTTT,['Apoptosis regulator;RNA binding domain;DNA binding domain']
MK,['RNA binding domain']
MNMQIN,['RNA binding domain;DNA binding domain']
MNMEINGLT,['RNA binding domain;DNA binding domain']
MIS,['RNA binding domain']
MNMPINGIA,['RNA binding domain;DNA binding domain']
MPSDTTQTG,['RNA binding domain;DNA binding domain']
MDMQLNGIA,['RNA binding domain;DNA binding domain']
MI,['RNA binding domain']
MIWVK,['RNA binding domain']
MTS,['RNA binding domain']
MNIPLDGLA,['RNA binding domain;DNA binding domain']
MNV,['RNA binding domain']
MHKQL,['RNA binding domain']
MQINGLT,['RNA binding domain;DNA binding domain']
MIL,['RNA binding domain']
MY,['RNA binding domain']
MNMQP,['RNA binding domain']
MTCKQLAS,['RNA binding domain;DNA binding domain']
MNMEL,['RNA binding domain']
MQV,['RNA binding domain']
MIWMK,['RNA binding domain']
MKKQL,['RNA binding domain']
MPADTTHTG,['RNA binding domain;DNA binding domain']
MNKQL,['RNA binding domain']
MTSDTTQT,['Apoptosis regulator;RNA binding domain;DNA binding domain']
MTSDTTLT,['Apoptosis regulator;RNA binding domain;DNA binding domain']
MNMQINGLT,['RNA binding domain;DNA binding domain']
MTSDTTQTG,['Apoptosis regulator;RNA binding domain;DNA binding domain']
MQL,['RNA binding domain']
MN,['RNA binding domain']
MHMQI,['RNA binding domain']
MNM,['RNA binding domain']
MII,['RNA binding domain']
MIRFDF,['RNA binding domain;DNA binding domain']
MVSDKTPT,['RNA binding domain;DNA binding domain']
MHIPLDGLA,['RNA binding domain;DNA binding domain']
MNE,['RNA binding domain']
MNIQL,['RNA binding domain']
MM,['RNA binding domain']
MDQFSSDD,['RNA binding domain;DNA binding domain']
MTSHTTQTR,['RNA binding domain;DNA binding domain']
MRINGLT,['RNA binding domain;DNA binding domain']
MKSDKTPT,['RNA binding domain;DNA binding domain']
MNVPLDGLA,['NES;RNA binding domain;DNA binding domain']
MNKLL,['RNA binding domain']
MNMQISGIT,['RNA binding domain;DNA binding domain']
MTSDKTPT,['Apoptosis regulator;RNA binding domain;DNA binding domain']
MPPLG,['RNA binding domain']
MPADTTQTG,['RNA binding domain;DNA binding domain']
MTSHTTLTR,['RNA binding domain;DNA binding domain']
MNTKIN,['RNA binding domain;DNA binding domain']
MNMPHD,['RNA binding domain;DNA binding domain']
MTSHITQTR,['RNA binding domain;DNA binding domain']
MNMQLSGLA,['RNA binding domain;DNA binding domain']
MYI,['RNA binding domain']
MEYFSSDD,['RNA binding domain;DNA binding domain']
MNRQL,['RNA binding domain']
MTG,['RNA binding domain']
MNMHIN,['RNA binding domain;DNA binding domain']
MIWM,['RNA binding domain']
MNMQI,['RNA binding domain']
MPSDTTPT,['RNA binding domain;DNA binding domain']
MTSDTTT,['Apoptosis regulator;RNA binding domain;DNA binding domain']
MNKKINGLT,['RNA binding domain;DNA binding domain']
MYD,['RNA binding domain']
MPRLV,['RNA binding domain']
MSV,['RNA binding domain']
